{
  "AAT": 0.01509560262723142,
  "ATA": 0.012780843595119325,
  "TAG": 0.009330794997228716,
  "AGA": 0.016575227660366346,
  "GAC": 0.013678632725792762,
  "ACT": 0.01272675668656101,
  "CTG": 0.020700291587343662,
  "TGG": 0.01929055112417765,
  "GGA": 0.016992125267422276,
  "GAT": 0.015166825982065637,
  "ATG": 0.014662104087845707,
  "GAG": 0.017021310777485924,
  "AGG": 0.015705553011864312,
  "GGC": 0.019762338910711084,
  "GCG": 0.017277554200705272,
  "CGG": 0.015833273088014396,
  "TAA": 0.013235227178403794,
  "AAA": 0.023041290802815733,
  "AAG": 0.0187352231620492,
  "AGT": 0.013401772015647717,
  "GTT": 0.014752873701713376,
  "TTG": 0.015974113255844465,
  "TGC": 0.016814870151255913,
  "GCA": 0.01736537848786927,
  "CAG": 0.019175951139707555,
  "ACC": 0.015274464285236149,
  "CCA": 0.017739167222262386,
  "CAC": 0.013918810730628452,
  "CTT": 0.016632795409574453,
  "TTC": 0.016969098167739033,
  "TCT": 0.014862654060668374,
  "CGC": 0.01795872794017238,
  "GCT": 0.01861526803811788,
  "CTC": 0.015055974595218395,
  "TCG": 0.012627151092582329,
  "GCC": 0.019858463664039972,
  "CCC": 0.01736002334840805,
  "CCT": 0.01607666417652682,
  "TCC": 0.015146208695139943,
  "CCG": 0.01646330524562686,
  "GGT": 0.014074913045922998,
  "TTT": 0.02217991662047859,
  "TTA": 0.01344675518712196,
  "TAT": 0.013193189333633221,
  "ATT": 0.015004297499417629,
  "TGA": 0.017200975706409834,
  "ATC": 0.015561499760357509,
  "AGC": 0.018580727388593017,
  "GTG": 0.015309272691734075,
  "CGT": 0.011343791920701094,
  "GGG": 0.01654041925386842,
  "GTC": 0.01129800547830767,
  "GTA": 0.010799709751441202,
  "TCA": 0.016248564153231962,
  "CAT": 0.014553394756782953,
  "CTA": 0.009892281369737571,
  "TAC": 0.01116037839415433,
  "ACA": 0.014040907910344255,
  "ACG": 0.012045047433147778,
  "CGA": 0.013277265023174367,
  "CAA": 0.01774586114658891,
  "AAC": 0.015329354464713648,
  "GAA": 0.0181788241720285,
  "TGT": 0.01333938464092451
}